<?xml version="1.0" encoding="UTF-8" standalone="no"?>
<?fileVersion 4.0.0?><cproject storage_type_id="org.eclipse.cdt.core.XmlProjectDescriptionStorage">
	<storageModule moduleId="org.eclipse.cdt.core.settings">
		<cconfiguration id="cdt.managedbuild.config.gnu.cross.exe.debug.1986076212">
			<storageModule buildSystemId="org.eclipse.cdt.managedbuilder.core.configurationDataProvider" id="cdt.managedbuild.config.gnu.cross.exe.debug.1986076212" moduleId="org.eclipse.cdt.core.settings" name="Debug">
				<externalSettings/>
				<extensions>
					<extension id="org.eclipse.cdt.core.ELF" point="org.eclipse.cdt.core.BinaryParser"/>
					<extension id="org.eclipse.cdt.core.GASErrorParser" point="org.eclipse.cdt.core.ErrorParser"/>
					<extension id="org.eclipse.cdt.core.GmakeErrorParser" point="org.eclipse.cdt.core.ErrorParser"/>
					<extension id="org.eclipse.cdt.core.GLDErrorParser" point="org.eclipse.cdt.core.ErrorParser"/>
					<extension id="org.eclipse.cdt.core.CWDLocator" point="org.eclipse.cdt.core.ErrorParser"/>
					<extension id="org.eclipse.cdt.core.GCCErrorParser" point="org.eclipse.cdt.core.ErrorParser"/>
				</extensions>
			</storageModule>
			<storageModule moduleId="cdtBuildSystem" version="4.0.0">
				<configuration artifactName="${ProjName}" buildArtefactType="org.eclipse.cdt.build.core.buildArtefactType.exe" buildProperties="org.eclipse.cdt.build.core.buildArtefactType=org.eclipse.cdt.build.core.buildArtefactType.exe,org.eclipse.cdt.build.core.buildType=org.eclipse.cdt.build.core.buildType.debug" cleanCommand="rm -rf" description="" id="cdt.managedbuild.config.gnu.cross.exe.debug.1986076212" name="Debug" parent="cdt.managedbuild.config.gnu.cross.exe.debug">
					<folderInfo id="cdt.managedbuild.config.gnu.cross.exe.debug.1986076212." name="/" resourcePath="">
						<toolChain id="cdt.managedbuild.toolchain.gnu.cross.exe.debug.2090613525" name="Cross GCC" superClass="cdt.managedbuild.toolchain.gnu.cross.exe.debug">
							<targetPlatform archList="all" binaryParser="org.eclipse.cdt.core.ELF" id="cdt.managedbuild.targetPlatform.gnu.cross.824713423" isAbstract="false" osList="all" superClass="cdt.managedbuild.targetPlatform.gnu.cross"/>
							<builder buildPath="${workspace_loc:/scanGraph}/Debug" id="cdt.managedbuild.builder.gnu.cross.870054385" managedBuildOn="true" name="Gnu Make Builder.Debug" superClass="cdt.managedbuild.builder.gnu.cross"/>
							<tool id="cdt.managedbuild.tool.gnu.cross.c.compiler.1709624446" name="Cross GCC Compiler" superClass="cdt.managedbuild.tool.gnu.cross.c.compiler">
								<option defaultValue="gnu.c.optimization.level.none" id="gnu.c.compiler.option.optimization.level.170813605" superClass="gnu.c.compiler.option.optimization.level" useByScannerDiscovery="false" valueType="enumerated"/>
								<option id="gnu.c.compiler.option.debugging.level.1540954222" superClass="gnu.c.compiler.option.debugging.level" useByScannerDiscovery="false" value="gnu.c.debugging.level.max" valueType="enumerated"/>
								<inputType id="cdt.managedbuild.tool.gnu.c.compiler.input.1375886093" superClass="cdt.managedbuild.tool.gnu.c.compiler.input"/>
							</tool>
							<tool id="cdt.managedbuild.tool.gnu.cross.cpp.compiler.1132132302" name="Cross G++ Compiler" superClass="cdt.managedbuild.tool.gnu.cross.cpp.compiler">
								<option id="gnu.cpp.compiler.option.optimization.level.835427692" superClass="gnu.cpp.compiler.option.optimization.level" useByScannerDiscovery="false" value="gnu.cpp.compiler.optimization.level.none" valueType="enumerated"/>
								<option id="gnu.cpp.compiler.option.debugging.level.1977561355" superClass="gnu.cpp.compiler.option.debugging.level" useByScannerDiscovery="false" value="gnu.cpp.compiler.debugging.level.max" valueType="enumerated"/>
								<inputType id="cdt.managedbuild.tool.gnu.cpp.compiler.input.1650246502" superClass="cdt.managedbuild.tool.gnu.cpp.compiler.input"/>
							</tool>
							<tool id="cdt.managedbuild.tool.gnu.cross.c.linker.1247132956" name="Cross GCC Linker" superClass="cdt.managedbuild.tool.gnu.cross.c.linker"/>
							<tool id="cdt.managedbuild.tool.gnu.cross.cpp.linker.268600755" name="Cross G++ Linker" superClass="cdt.managedbuild.tool.gnu.cross.cpp.linker">
								<inputType id="cdt.managedbuild.tool.gnu.cpp.linker.input.1560154197" superClass="cdt.managedbuild.tool.gnu.cpp.linker.input">
									<additionalInput kind="additionalinputdependency" paths="$(USER_OBJS)"/>
									<additionalInput kind="additionalinput" paths="$(LIBS)"/>
								</inputType>
							</tool>
							<tool id="cdt.managedbuild.tool.gnu.cross.archiver.2055438355" name="Cross GCC Archiver" superClass="cdt.managedbuild.tool.gnu.cross.archiver"/>
							<tool id="cdt.managedbuild.tool.gnu.cross.assembler.1057321602" name="Cross GCC Assembler" superClass="cdt.managedbuild.tool.gnu.cross.assembler">
								<inputType id="cdt.managedbuild.tool.gnu.assembler.input.823556494" superClass="cdt.managedbuild.tool.gnu.assembler.input"/>
							</tool>
						</toolChain>
					</folderInfo>
				</configuration>
			</storageModule>
			<storageModule moduleId="org.eclipse.cdt.core.externalSettings"/>
		</cconfiguration>
		<cconfiguration id="cdt.managedbuild.config.gnu.cross.exe.release.1714748216">
			<storageModule buildSystemId="org.eclipse.cdt.managedbuilder.core.configurationDataProvider" id="cdt.managedbuild.config.gnu.cross.exe.release.1714748216" moduleId="org.eclipse.cdt.core.settings" name="Release">
				<externalSettings/>
				<extensions>
					<extension id="org.eclipse.cdt.core.ELF" point="org.eclipse.cdt.core.BinaryParser"/>
					<extension id="org.eclipse.cdt.core.GASErrorParser" point="org.eclipse.cdt.core.ErrorParser"/>
					<extension id="org.eclipse.cdt.core.GmakeErrorParser" point="org.eclipse.cdt.core.ErrorParser"/>
					<extension id="org.eclipse.cdt.core.GLDErrorParser" point="org.eclipse.cdt.core.ErrorParser"/>
					<extension id="org.eclipse.cdt.core.CWDLocator" point="org.eclipse.cdt.core.ErrorParser"/>
					<extension id="org.eclipse.cdt.core.GCCErrorParser" point="org.eclipse.cdt.core.ErrorParser"/>
				</extensions>
			</storageModule>
			<storageModule moduleId="cdtBuildSystem" version="4.0.0">
				<configuration artifactName="${ProjName}" buildArtefactType="org.eclipse.cdt.build.core.buildArtefactType.exe" buildProperties="org.eclipse.cdt.build.core.buildArtefactType=org.eclipse.cdt.build.core.buildArtefactType.exe,org.eclipse.cdt.build.core.buildType=org.eclipse.cdt.build.core.buildType.release" cleanCommand="rm -rf" description="" id="cdt.managedbuild.config.gnu.cross.exe.release.1714748216" name="Release" parent="cdt.managedbuild.config.gnu.cross.exe.release">
					<folderInfo id="cdt.managedbuild.config.gnu.cross.exe.release.1714748216." name="/" resourcePath="">
						<toolChain id="cdt.managedbuild.toolchain.gnu.cross.exe.release.1176324228" name="Cross GCC" superClass="cdt.managedbuild.toolchain.gnu.cross.exe.release">
							<targetPlatform archList="all" binaryParser="org.eclipse.cdt.core.ELF" id="cdt.managedbuild.targetPlatform.gnu.cross.559960368" isAbstract="false" osList="all" superClass="cdt.managedbuild.targetPlatform.gnu.cross"/>
							<builder buildPath="${workspace_loc:/scanGraph}/Release" id="cdt.managedbuild.builder.gnu.cross.177895966" managedBuildOn="true" name="Gnu Make Builder.Release" superClass="cdt.managedbuild.builder.gnu.cross"/>
							<tool id="cdt.managedbuild.tool.gnu.cross.c.compiler.1130291608" name="Cross GCC Compiler" superClass="cdt.managedbuild.tool.gnu.cross.c.compiler">
								<option defaultValue="gnu.c.optimization.level.most" id="gnu.c.compiler.option.optimization.level.1742037685" superClass="gnu.c.compiler.option.optimization.level" useByScannerDiscovery="false" valueType="enumerated"/>
								<option id="gnu.c.compiler.option.debugging.level.907076401" superClass="gnu.c.compiler.option.debugging.level" useByScannerDiscovery="false" value="gnu.c.debugging.level.none" valueType="enumerated"/>
								<inputType id="cdt.managedbuild.tool.gnu.c.compiler.input.837001645" superClass="cdt.managedbuild.tool.gnu.c.compiler.input"/>
							</tool>
							<tool id="cdt.managedbuild.tool.gnu.cross.cpp.compiler.1968046848" name="Cross G++ Compiler" superClass="cdt.managedbuild.tool.gnu.cross.cpp.compiler">
								<option id="gnu.cpp.compiler.option.optimization.level.1984880243" superClass="gnu.cpp.compiler.option.optimization.level" useByScannerDiscovery="false" value="gnu.cpp.compiler.optimization.level.most" valueType="enumerated"/>
								<option id="gnu.cpp.compiler.option.debugging.level.636422244" superClass="gnu.cpp.compiler.option.debugging.level" useByScannerDiscovery="false" value="gnu.cpp.compiler.debugging.level.none" valueType="enumerated"/>
								<inputType id="cdt.managedbuild.tool.gnu.cpp.compiler.input.494792211" superClass="cdt.managedbuild.tool.gnu.cpp.compiler.input"/>
							</tool>
							<tool id="cdt.managedbuild.tool.gnu.cross.c.linker.141924936" name="Cross GCC Linker" superClass="cdt.managedbuild.tool.gnu.cross.c.linker"/>
							<tool id="cdt.managedbuild.tool.gnu.cross.cpp.linker.1993888693" name="Cross G++ Linker" superClass="cdt.managedbuild.tool.gnu.cross.cpp.linker">
								<inputType id="cdt.managedbuild.tool.gnu.cpp.linker.input.99665402" superClass="cdt.managedbuild.tool.gnu.cpp.linker.input">
									<additionalInput kind="additionalinputdependency" paths="$(USER_OBJS)"/>
									<additionalInput kind="additionalinput" paths="$(LIBS)"/>
								</inputType>
							</tool>
							<tool id="cdt.managedbuild.tool.gnu.cross.archiver.990706129" name="Cross GCC Archiver" superClass="cdt.managedbuild.tool.gnu.cross.archiver"/>
							<tool id="cdt.managedbuild.tool.gnu.cross.assembler.1462165883" name="Cross GCC Assembler" superClass="cdt.managedbuild.tool.gnu.cross.assembler">
								<inputType id="cdt.managedbuild.tool.gnu.assembler.input.211175755" superClass="cdt.managedbuild.tool.gnu.assembler.input"/>
							</tool>
						</toolChain>
					</folderInfo>
				</configuration>
			</storageModule>
			<storageModule moduleId="org.eclipse.cdt.core.externalSettings"/>
		</cconfiguration>
	</storageModule>
	<storageModule moduleId="cdtBuildSystem" version="4.0.0">
		<project id="scanGraph.cdt.managedbuild.target.gnu.cross.exe.1011942953" name="Executable" projectType="cdt.managedbuild.target.gnu.cross.exe"/>
	</storageModule>
	<storageModule moduleId="scannerConfiguration">
		<autodiscovery enabled="true" problemReportingEnabled="true" selectedProfileId=""/>
		<scannerConfigBuildInfo instanceId="cdt.managedbuild.config.gnu.cross.exe.debug.1986076212;cdt.managedbuild.config.gnu.cross.exe.debug.1986076212.;cdt.managedbuild.tool.gnu.cross.c.compiler.1709624446;cdt.managedbuild.tool.gnu.c.compiler.input.1375886093">
			<autodiscovery enabled="true" problemReportingEnabled="true" selectedProfileId=""/>
		</scannerConfigBuildInfo>
		<scannerConfigBuildInfo instanceId="cdt.managedbuild.config.gnu.cross.exe.release.1714748216;cdt.managedbuild.config.gnu.cross.exe.release.1714748216.;cdt.managedbuild.tool.gnu.cross.cpp.compiler.1968046848;cdt.managedbuild.tool.gnu.cpp.compiler.input.494792211">
			<autodiscovery enabled="true" problemReportingEnabled="true" selectedProfileId=""/>
		</scannerConfigBuildInfo>
		<scannerConfigBuildInfo instanceId="cdt.managedbuild.config.gnu.cross.exe.debug.1986076212;cdt.managedbuild.config.gnu.cross.exe.debug.1986076212.;cdt.managedbuild.tool.gnu.cross.cpp.compiler.1132132302;cdt.managedbuild.tool.gnu.cpp.compiler.input.1650246502">
			<autodiscovery enabled="true" problemReportingEnabled="true" selectedProfileId=""/>
		</scannerConfigBuildInfo>
		<scannerConfigBuildInfo instanceId="cdt.managedbuild.config.gnu.cross.exe.release.1714748216;cdt.managedbuild.config.gnu.cross.exe.release.1714748216.;cdt.managedbuild.tool.gnu.cross.c.compiler.1130291608;cdt.managedbuild.tool.gnu.c.compiler.input.837001645">
			<autodiscovery enabled="true" problemReportingEnabled="true" selectedProfileId=""/>
		</scannerConfigBuildInfo>
	</storageModule>
	<storageModule moduleId="org.eclipse.cdt.core.LanguageSettingsProviders"/>
</cproject>
